Type,Name,Request Count,Failure Count,Median Response Time,Average Response Time,Min Response Time,Max Response Time,Average Content Size,Requests/s,Failures/s,50%,66%,75%,80%,90%,95%,98%,99%,99.9%,99.99%,100%
GET,/numerical_integral/0/3.14159/100000,218,218,2008.4446000000753,2033.4453766055174,2008.4446000000753,2092.4667999997837,207.0,1.2315807816522983,1.2315807816522983,2000,2000,2000,2000,2000,2100,2100,2100,2100,2100,2100
,Aggregated,218,218,2008.4446000000753,2033.4453766055174,2008.4446000000753,2092.4667999997837,207.0,1.2315807816522983,1.2315807816522983,2000,2000,2000,2000,2000,2100,2100,2100,2100,2100,2100
